case_id,interaction_id,interaction_type,representante,int_date
0032,001132,rep_case_closed,ggutierrez,2020-05-08
0033,001133,user_recontact,,2020-11-05
0034,001134,user_contact,,2020-09-13
0035,001135,rep_response,pcruz,2020-08-10
0036,001136,rep_response,pcruz,2020-09-22
0037,001137,user_recontact,,2020-01-07
0038,001138,rep_response,pcruz,2020-09-30
0039,001139,user_contact,,2020-06-02
0040,001140,rep_case_closed,mramirez,2020-05-04
0041,001141,rep_case_closed,mramirez,2020-03-14
0042,001142,user_contact,,2020-10-27
0043,001143,rep_case_closed,jperez,2020-07-15
0044,001144,user_recontact,,2020-04-27
0045,001145,rep_response,jperez,2020-07-23
0046,001146,user_contact,,2020-07-24
0047,001147,user_recontact,,2020-05-16
0048,001148,user_contact,,2020-06-16
0049,001149,rep_derivation,slopez,2020-04-15
0050,001150,user_recontact,,2020-08-18
0051,001151,rep_derivation,dtorres,2020-07-20
0052,001152,user_recontact,,2020-08-22
0053,001153,user_contact,,2020-10-15
0054,001154,rep_response,ggutierrez,2020-03-03
0055,001155,rep_response,ggutierrez,2020-07-29
0056,001156,rep_response,ggutierrez,2020-11-15
0057,001157,user_recontact,,2020-11-14
0058,001158,survey_sent,ggutierrez,2020-07-21
0059,001159,user_recontact,,2020-05-13
0060,001160,rep_derivation,slopez,2020-09-04
0061,001161,user_contact,,2020-11-05
0062,001162,rep_case_closed,dtorres,2020-04-21
0063,001163,rep_case_closed,dtorres,2020-11-27
0064,001164,rep_derivation,jperez,2020-06-27
0065,001165,rep_derivation,mramirez,2020-03-21
0066,001166,user_recontact,,2020-03-31
0067,001167,user_contact,,2020-09-02
0068,001168,rep_derivation,pcruz,2020-03-16
0069,001169,user_recontact,,2020-02-09
0070,001170,survey_sent,mramirez,2020-10-30
0071,001171,rep_derivation,dtorres,2020-01-25
0072,001172,user_recontact,,2020-03-14
0073,001173,rep_derivation,dtorres,2020-10-16
0074,001174,rep_derivation,mramirez,2020-07-16
0075,001175,user_recontact,,2020-01-11
0076,001176,user_recontact,,2020-05-03
0077,001177,user_contact,,2020-02-19
0078,001178,rep_case_closed,mramirez,2020-08-15
0079,001179,rep_case_closed,dtorres,2020-03-01
0080,001180,survey_sent,pcruz,2020-06-23
0081,001181,user_contact,,2020-10-06
0082,001182,user_contact,,2020-02-25
0083,001183,rep_case_closed,slopez,2020-12-10
0084,001184,survey_sent,ggutierrez,2020-10-02
0085,001185,rep_case_closed,pcruz,2020-02-01
0086,001186,rep_response,slopez,2020-08-14
0087,001187,rep_response,dtorres,2020-03-05
0088,001188,survey_sent,dtorres,2020-12-05
0089,001189,user_recontact,,2020-12-01
0090,001190,rep_response,ggutierrez,2020-12-17
0091,001191,rep_case_closed,ggutierrez,2020-01-28
0092,001192,rep_case_closed,pcruz,2020-11-28
0093,001193,user_contact,,2020-03-18
0094,001194,rep_response,pcruz,2020-04-01
0095,001195,rep_response,mramirez,2020-10-11
0096,001196,rep_derivation,dtorres,2020-07-02
0097,001197,rep_response,jperez,2020-09-09
0098,001198,rep_derivation,dtorres,2020-10-12
0099,001199,user_contact,,2020-03-05
0100,001200,rep_response,pcruz,2020-06-05
0101,001201,rep_response,pcruz,2020-01-14
0102,001202,user_recontact,,2020-12-01
0103,001203,user_recontact,,2020-03-25
0104,001204,rep_derivation,jperez,2020-07-13
0105,001205,user_contact,,2020-12-05
0106,001206,user_contact,,2020-01-28
0107,001207,user_contact,,2020-07-27
0108,001208,rep_derivation,pcruz,2020-09-19
0109,001209,rep_response,pcruz,2020-04-08
0110,001210,user_recontact,,2020-07-05
0111,001211,survey_sent,pcruz,2020-08-16
0112,001212,rep_case_closed,pcruz,2020-01-02
0113,001213,user_contact,,2020-03-11
0114,001214,rep_response,pcruz,2020-02-26
0115,001215,user_contact,,2020-11-07
0116,001216,rep_response,ggutierrez,2020-11-22
0117,001217,rep_derivation,jperez,2020-01-28
0118,001218,rep_case_closed,mramirez,2020-11-24
0119,001219,rep_response,pcruz,2020-06-23
0120,001220,rep_derivation,jperez,2020-03-25
0121,001221,user_recontact,,2020-08-25
0122,001222,rep_response,dtorres,2020-10-23
0123,001223,rep_response,slopez,2020-02-19
0124,001224,user_contact,,2020-07-18
0125,001225,user_contact,,2020-12-17
0126,001226,rep_derivation,jperez,2020-05-11
0127,001227,rep_case_closed,pcruz,2020-12-31
0128,001228,user_recontact,,2020-12-31
0129,001229,user_recontact,,2020-11-03
0130,001230,rep_response,dtorres,2020-08-18
0131,001231,user_contact,,2020-09-15
0132,001232,rep_response,ggutierrez,2020-11-10
0133,001233,rep_derivation,ggutierrez,2020-05-08
0134,001234,user_recontact,,2020-01-30
0135,001235,rep_response,jperez,2020-06-06
0136,001236,user_recontact,,2020-11-25
0137,001237,user_recontact,,2020-06-06
0138,001238,rep_case_closed,pcruz,2020-05-19
0139,001239,rep_derivation,mramirez,2020-11-15
0140,001240,rep_response,slopez,2020-01-08
0141,001241,user_recontact,,2020-02-06
0142,001242,survey_sent,dtorres,2020-12-25
0143,001243,survey_sent,dtorres,2020-09-14
0144,001244,user_recontact,,2020-05-07
0145,001245,user_contact,,2020-07-14
0146,001246,survey_sent,slopez,2020-08-15
0147,001247,user_recontact,,2020-09-08
0148,001248,rep_case_closed,pcruz,2020-02-16
0149,001249,rep_case_closed,jperez,2020-04-22
0150,001250,rep_response,pcruz,2020-08-12
0151,001251,user_contact,,2020-06-25
0152,001252,survey_sent,mramirez,2020-12-15
0153,001253,rep_derivation,dtorres,2020-10-30
0154,001254,rep_case_closed,mramirez,2020-07-28
0155,001255,rep_derivation,jperez,2020-12-18
0156,001256,survey_sent,jperez,2020-11-22
0157,001257,rep_case_closed,jperez,2020-10-11
0158,001258,survey_sent,ggutierrez,2020-03-08
0159,001259,survey_sent,jperez,2020-11-10
0160,001260,user_contact,,2020-02-01
0161,001261,survey_sent,ggutierrez,2020-08-09
0162,001262,user_recontact,,2020-01-03
0163,001263,survey_sent,ggutierrez,2020-04-26
0164,001264,rep_derivation,ggutierrez,2020-09-10
0165,001265,user_contact,,2020-06-15
0166,001266,rep_response,ggutierrez,2020-05-07
0167,001267,rep_derivation,dtorres,2020-01-16
0168,001268,survey_sent,jperez,2020-04-27
0169,001269,rep_derivation,dtorres,2020-02-24
0170,001270,rep_response,ggutierrez,2020-10-04
0171,001271,rep_derivation,pcruz,2020-08-13
0172,001272,rep_response,ggutierrez,2020-03-14
0173,001273,user_contact,,2020-11-09
0174,001274,user_recontact,,2020-11-30
0175,001275,user_recontact,,2020-10-28
0176,001276,user_contact,,2020-10-06
0177,001277,user_recontact,,2020-05-25
0178,001278,user_recontact,,2020-01-05
0179,001279,user_contact,,2020-10-16
0180,001280,rep_case_closed,jperez,2020-05-11
0181,001281,rep_case_closed,dtorres,2020-03-20
0182,001282,user_contact,,2020-05-24
0183,001283,rep_response,ggutierrez,2020-05-01
0184,001284,rep_case_closed,slopez,2020-08-07
0185,001285,survey_sent,pcruz,2020-04-05
0186,001286,user_recontact,,2020-12-13
0187,001287,rep_derivation,slopez,2020-07-17
0188,001288,user_recontact,,2020-04-17
0189,001289,survey_sent,pcruz,2020-02-13
0190,001290,rep_case_closed,jperez,2020-11-15
0191,001291,user_recontact,,2020-03-21
0192,001292,rep_case_closed,ggutierrez,2020-07-25
0193,001293,rep_derivation,mramirez,2020-08-14
0194,001294,survey_sent,jperez,2020-12-14
0195,001295,survey_sent,pcruz,2020-07-25
0196,001296,rep_response,slopez,2020-11-10
0197,001297,user_recontact,,2020-10-13
0198,001298,survey_sent,mramirez,2020-07-07
0199,001299,rep_case_closed,pcruz,2020-07-11
0200,001300,user_contact,,2020-12-07
0201,001301,survey_sent,dtorres,2020-09-01
0202,001302,rep_response,pcruz,2020-08-24
0203,001303,rep_derivation,jperez,2020-03-26
0204,001304,user_recontact,,2020-01-24
0205,001305,user_recontact,,2020-02-22
0206,001306,user_recontact,,2020-08-09
0207,001307,survey_sent,mramirez,2020-05-11
0208,001308,rep_response,jperez,2020-03-31
0209,001309,user_contact,,2020-01-17
0210,001310,rep_case_closed,dtorres,2020-08-17
0211,001311,survey_sent,ggutierrez,2020-02-01
0212,001312,rep_case_closed,pcruz,2020-03-28
0213,001313,rep_response,slopez,2020-05-25
0214,001314,survey_sent,ggutierrez,2020-05-28
0215,001315,user_recontact,,2020-03-09
0216,001316,rep_case_closed,ggutierrez,2020-09-22
0217,001317,user_contact,,2020-10-28
0218,001318,rep_response,jperez,2020-06-05
0219,001319,rep_case_closed,ggutierrez,2020-06-23
0220,001320,survey_sent,dtorres,2020-09-18
0221,001321,rep_case_closed,ggutierrez,2020-07-08
0222,001322,user_recontact,,2020-07-01
0223,001323,rep_derivation,jperez,2020-01-25
0224,001324,rep_derivation,jperez,2020-11-30
0225,001325,rep_case_closed,jperez,2020-04-15
0226,001326,user_recontact,,2020-01-13
0227,001327,survey_sent,mramirez,2020-07-03
0228,001328,survey_sent,pcruz,2020-08-08
0229,001329,user_recontact,,2020-06-29
0230,001330,user_contact,,2020-06-14
0231,001331,user_recontact,,2020-06-21
0232,001332,user_recontact,,2020-03-24
0233,001333,user_contact,,2020-08-11
0234,001334,user_contact,,2020-05-21
0235,001335,user_recontact,,2020-08-15
0236,001336,user_contact,,2020-02-10
0237,001337,rep_response,jperez,2020-06-25
0238,001338,user_contact,,2020-09-07
0239,001339,user_contact,,2020-12-04
0240,001340,rep_response,pcruz,2020-10-26
0241,001341,rep_case_closed,ggutierrez,2020-09-26
0242,001342,rep_derivation,jperez,2020-04-22
0243,001343,user_recontact,,2020-07-19
0244,001344,user_recontact,,2020-03-05
0245,001345,rep_response,ggutierrez,2020-03-08
0246,001346,rep_case_closed,jperez,2020-09-03
0247,001347,user_contact,,2020-07-24
0248,001348,survey_sent,jperez,2020-12-15
0249,001349,user_contact,,2020-03-21
0250,001350,rep_case_closed,jperez,2020-04-01
0251,001351,user_recontact,,2020-10-22
0252,001352,rep_derivation,slopez,2020-12-19
0253,001353,user_recontact,,2020-02-03
0254,001354,user_recontact,,2020-05-03
0255,001355,rep_derivation,dtorres,2020-02-23
0256,001356,user_contact,,2020-10-02
0257,001357,survey_sent,pcruz,2020-12-23
0258,001358,rep_case_closed,pcruz,2020-07-26
0259,001359,user_recontact,,2020-01-08
0260,001360,user_recontact,,2020-10-27
0261,001361,rep_derivation,dtorres,2020-03-28
0262,001362,rep_response,pcruz,2020-09-29
0263,001363,survey_sent,dtorres,2020-05-03
0264,001364,rep_response,mramirez,2020-12-10
0265,001365,survey_sent,jperez,2020-06-25
0266,001366,rep_derivation,slopez,2020-10-06
0267,001367,rep_case_closed,mramirez,2020-01-28
0268,001368,rep_response,pcruz,2020-12-07
0269,001369,user_recontact,,2020-12-04
0270,001370,user_contact,,2020-09-24
0271,001371,rep_response,mramirez,2020-10-18
0272,001372,survey_sent,jperez,2020-05-03
0273,001373,rep_derivation,dtorres,2020-02-18
0274,001374,rep_response,slopez,2020-07-23
0275,001375,rep_response,slopez,2020-06-19
0276,001376,rep_response,ggutierrez,2020-06-27
0277,001377,survey_sent,jperez,2020-01-03
0278,001378,survey_sent,ggutierrez,2020-05-21
0279,001379,rep_derivation,ggutierrez,2020-11-04
0280,001380,user_contact,,2020-08-07
0281,001381,survey_sent,pcruz,2020-06-24
0282,001382,survey_sent,dtorres,2020-11-01
0283,001383,rep_case_closed,mramirez,2020-04-22
0284,001384,rep_case_closed,ggutierrez,2020-07-03
0285,001385,user_recontact,,2020-11-19
0286,001386,user_recontact,,2020-03-17
0287,001387,rep_derivation,jperez,2020-09-21
0288,001388,survey_sent,slopez,2020-08-18
0289,001389,rep_response,pcruz,2020-07-16
0290,001390,rep_derivation,dtorres,2020-02-09
0291,001391,rep_response,slopez,2020-03-27
0292,001392,user_contact,,2020-09-05
0293,001393,user_recontact,,2020-12-12
0294,001394,rep_case_closed,pcruz,2020-07-08
0295,001395,rep_case_closed,jperez,2020-04-05
0296,001396,survey_sent,jperez,2020-12-09
0297,001397,survey_sent,mramirez,2020-08-17
0298,001398,user_recontact,,2020-04-28
0299,001399,rep_case_closed,pcruz,2020-07-09
0300,001400,user_recontact,,2020-09-15
0301,001401,survey_sent,dtorres,2020-09-29
0302,001402,rep_derivation,pcruz,2020-01-30
0303,001403,rep_derivation,dtorres,2020-01-03
0304,001404,rep_case_closed,pcruz,2020-12-09
0305,001405,rep_derivation,jperez,2020-08-15
0306,001406,rep_case_closed,slopez,2020-02-26
0307,001407,rep_derivation,pcruz,2020-10-12
0308,001408,survey_sent,pcruz,2020-02-09
0309,001409,rep_case_closed,dtorres,2020-04-24
0310,001410,survey_sent,ggutierrez,2020-10-22
0311,001411,rep_derivation,slopez,2020-04-27
0312,001412,rep_response,slopez,2020-10-10
0313,001413,rep_response,dtorres,2020-05-14
0314,001414,survey_sent,jperez,2020-03-26
0315,001415,rep_derivation,dtorres,2020-01-16
0316,001416,rep_response,slopez,2020-08-24
0317,001417,rep_case_closed,pcruz,2020-10-14
0318,001418,user_recontact,,2020-09-11
0319,001419,rep_case_closed,mramirez,2020-07-16
0320,001420,user_contact,,2020-09-23
0321,001421,rep_derivation,pcruz,2020-12-26
0322,001422,rep_case_closed,slopez,2020-03-24
0323,001423,user_recontact,,2020-05-01
0324,001424,user_contact,,2020-03-07
0325,001425,rep_case_closed,jperez,2020-10-08
0326,001426,rep_response,slopez,2020-06-28
0327,001427,user_contact,,2020-08-30
0328,001428,survey_sent,jperez,2020-08-09
0329,001429,survey_sent,pcruz,2020-06-29
0330,001430,rep_response,mramirez,2020-03-24
0331,001431,rep_case_closed,jperez,2020-08-28
0332,001432,rep_case_closed,pcruz,2020-03-09
0333,001433,rep_derivation,jperez,2020-08-22
0334,001434,user_recontact,,2020-03-30
0335,001435,rep_response,pcruz,2020-01-10
0336,001436,rep_case_closed,ggutierrez,2020-03-31
0337,001437,user_recontact,,2020-01-02
0338,001438,survey_sent,dtorres,2020-05-18
0339,001439,rep_derivation,mramirez,2020-05-11
0340,001440,rep_response,pcruz,2020-04-09
0341,001441,user_contact,,2020-11-24
0342,001442,rep_derivation,jperez,2020-03-09
0343,001443,rep_response,pcruz,2020-11-27
0344,001444,rep_response,jperez,2020-12-30
0345,001445,rep_derivation,slopez,2020-11-20
0346,001446,rep_response,ggutierrez,2020-08-30
0347,001447,rep_response,jperez,2020-03-04
0348,001448,rep_response,slopez,2020-05-03
0349,001449,rep_response,ggutierrez,2020-06-29
0350,001450,rep_case_closed,jperez,2020-01-08
0351,001451,user_recontact,,2020-11-05
0352,001452,user_recontact,,2020-04-26
0353,001453,survey_sent,dtorres,2020-05-06
0354,001454,user_recontact,,2020-03-17
0355,001455,rep_case_closed,slopez,2020-07-27
0356,001456,user_contact,,2020-04-02
0357,001457,rep_case_closed,jperez,2020-08-21
0358,001458,survey_sent,jperez,2020-09-14
0359,001459,user_contact,,2020-08-14
0360,001460,rep_case_closed,dtorres,2020-04-22
0361,001461,rep_case_closed,pcruz,2020-06-21
0362,001462,rep_response,ggutierrez,2020-11-29
0363,001463,rep_derivation,jperez,2020-01-03
0364,001464,user_recontact,,2020-01-15
0365,001465,rep_case_closed,jperez,2020-11-04
0366,001466,user_recontact,,2020-11-29
0367,001467,rep_derivation,ggutierrez,2020-07-12
0368,001468,rep_case_closed,mramirez,2020-11-20
0369,001469,survey_sent,slopez,2020-06-05
0370,001470,rep_derivation,jperez,2020-09-25
0371,001471,survey_sent,pcruz,2020-02-12
0372,001472,survey_sent,jperez,2020-08-06
0373,001473,rep_case_closed,mramirez,2020-12-30
0374,001474,rep_derivation,ggutierrez,2020-07-10
0375,001475,rep_derivation,ggutierrez,2020-04-12
0376,001476,rep_derivation,mramirez,2020-02-15
0377,001477,survey_sent,pcruz,2020-08-31
0378,001478,user_contact,,2020-11-18
0379,001479,survey_sent,ggutierrez,2020-02-23
0380,001480,user_contact,,2020-03-28
0381,001481,user_recontact,,2020-04-15
0382,001482,rep_response,jperez,2020-04-11
0383,001483,rep_case_closed,jperez,2020-10-12
0384,001484,survey_sent,jperez,2020-11-08
0385,001485,survey_sent,slopez,2020-02-15
0386,001486,user_recontact,,2020-08-27
0387,001487,user_contact,,2020-03-13
0388,001488,rep_derivation,ggutierrez,2020-08-24
0389,001489,user_contact,,2020-09-19
0390,001490,rep_case_closed,mramirez,2020-08-22
0391,001491,rep_case_closed,ggutierrez,2020-07-23
0392,001492,rep_derivation,slopez,2020-05-13
0393,001493,survey_sent,mramirez,2020-09-07
0394,001494,survey_sent,slopez,2020-03-09
0395,001495,user_recontact,,2020-11-28
0396,001496,rep_response,jperez,2020-09-15
0397,001497,rep_case_closed,mramirez,2020-04-16
0398,001498,user_contact,,2020-04-13
0399,001499,rep_derivation,dtorres,2020-07-25
0400,001500,user_contact,,2020-05-14
0401,001501,survey_sent,dtorres,2020-10-22
0402,001502,rep_response,mramirez,2020-10-29
0403,001503,survey_sent,slopez,2020-09-22
0404,001504,user_contact,,2020-05-28
0405,001505,rep_derivation,slopez,2020-02-23
0406,001506,rep_derivation,pcruz,2020-09-24
0407,001507,rep_derivation,jperez,2020-05-10
0408,001508,survey_sent,slopez,2020-03-16
0409,001509,user_recontact,,2020-09-23
0410,001510,user_recontact,,2020-02-06
0411,001511,rep_response,mramirez,2020-04-01
0412,001512,user_recontact,,2020-12-22
0413,001513,rep_case_closed,ggutierrez,2020-04-20
0414,001514,user_recontact,,2020-07-07
0415,001515,rep_case_closed,slopez,2020-08-11
0416,001516,rep_case_closed,jperez,2020-12-13
0417,001517,rep_case_closed,slopez,2020-03-04
0418,001518,rep_response,slopez,2020-05-10
0419,001519,rep_case_closed,mramirez,2020-04-24
0420,001520,user_recontact,,2020-02-15
0421,001521,survey_sent,dtorres,2020-08-03
0422,001522,rep_response,pcruz,2020-02-26
0423,001523,rep_derivation,jperez,2020-02-19
0424,001524,rep_derivation,dtorres,2020-03-16
0425,001525,rep_derivation,mramirez,2020-02-26
0426,001526,user_recontact,,2020-01-16
0427,001527,rep_derivation,mramirez,2020-01-09
0428,001528,survey_sent,slopez,2020-07-22
0429,001529,rep_response,ggutierrez,2020-05-03
0430,001530,user_contact,,2020-03-19
0431,001531,user_recontact,,2020-02-21
0432,001532,user_contact,,2020-06-10
0433,001533,user_recontact,,2020-06-07
0434,001534,rep_case_closed,dtorres,2020-08-27
0435,001535,rep_response,pcruz,2020-09-24
0436,001536,rep_case_closed,slopez,2020-09-23
0437,001537,rep_derivation,dtorres,2020-03-24
0438,001538,rep_derivation,slopez,2020-10-10
0439,001539,rep_case_closed,jperez,2020-03-31
0440,001540,user_recontact,,2020-05-23
0441,001541,rep_derivation,pcruz,2020-07-20
0442,001542,rep_case_closed,slopez,2020-07-23
0443,001543,survey_sent,pcruz,2020-05-16
0444,001544,rep_response,jperez,2020-08-24
0445,001545,survey_sent,jperez,2020-09-11
0446,001546,rep_response,ggutierrez,2020-10-14
0447,001547,rep_derivation,dtorres,2020-09-11
0448,001548,rep_derivation,mramirez,2020-05-17
0449,001549,rep_derivation,pcruz,2020-12-18
0450,001550,rep_response,pcruz,2020-04-25
0451,001551,rep_derivation,slopez,2020-12-05
0452,001552,user_contact,,2020-09-16
0453,001553,survey_sent,slopez,2020-05-03
0454,001554,rep_case_closed,mramirez,2020-05-31
0455,001555,user_contact,,2020-04-15
0456,001556,survey_sent,dtorres,2020-06-23
0457,001557,rep_case_closed,slopez,2020-04-26
0458,001558,user_recontact,,2020-03-23
0459,001559,user_recontact,,2020-12-18
0460,001560,user_recontact,,2020-09-12
0461,001561,user_contact,,2020-05-15
0462,001562,rep_case_closed,jperez,2020-02-14
0463,001563,rep_response,jperez,2020-10-20
0464,001564,survey_sent,ggutierrez,2020-11-20
0465,001565,user_contact,,2020-07-23
0466,001566,user_recontact,,2020-04-05
0467,001567,user_contact,,2020-06-02
0468,001568,rep_case_closed,jperez,2020-04-06
0469,001569,rep_response,ggutierrez,2020-10-13
0470,001570,rep_derivation,jperez,2020-08-04
0471,001571,rep_derivation,pcruz,2020-09-14
0472,001572,user_contact,,2020-02-16
0473,001573,rep_derivation,jperez,2020-09-15
0474,001574,survey_sent,ggutierrez,2020-12-31
0475,001575,rep_derivation,slopez,2020-01-15
0476,001576,rep_response,mramirez,2020-08-19
0477,001577,survey_sent,pcruz,2020-11-28
0478,001578,rep_derivation,jperez,2020-11-08
0479,001579,survey_sent,ggutierrez,2020-09-16
0480,001580,user_contact,,2020-08-15
0481,001581,user_contact,,2020-01-19
0482,001582,rep_derivation,ggutierrez,2020-01-23
0483,001583,user_contact,,2020-04-16
0484,001584,user_contact,,2020-01-11
0485,001585,survey_sent,jperez,2020-11-18
0486,001586,rep_response,slopez,2020-07-13
0487,001587,rep_case_closed,ggutierrez,2020-02-03
0488,001588,rep_case_closed,pcruz,2020-05-09
0489,001589,user_recontact,,2020-08-28
0490,001590,user_contact,,2020-03-28
0491,001591,rep_derivation,pcruz,2020-05-17
0492,001592,survey_sent,ggutierrez,2020-09-21
0493,001593,survey_sent,slopez,2020-11-24
0494,001594,rep_case_closed,mramirez,2020-06-23
0495,001595,user_recontact,,2020-12-23
0496,001596,rep_derivation,jperez,2020-10-14
0497,001597,rep_response,jperez,2020-06-21
0498,001598,survey_sent,jperez,2020-10-17
0499,001599,survey_sent,mramirez,2020-08-01
0500,001600,user_contact,,2020-10-08
0501,001601,user_recontact,,2020-06-11
0502,001602,survey_sent,mramirez,2020-04-24
0503,001603,rep_response,slopez,2020-06-24
0504,001604,rep_case_closed,ggutierrez,2020-05-09
0505,001605,user_recontact,,2020-05-21
0506,001606,user_contact,,2020-06-20
0507,001607,user_recontact,,2020-05-09
0508,001608,user_recontact,,2020-01-28
0509,001609,survey_sent,ggutierrez,2020-07-19
0510,001610,rep_derivation,dtorres,2020-10-12
0511,001611,rep_case_closed,ggutierrez,2020-06-13
0512,001612,survey_sent,mramirez,2020-03-27
0513,001613,user_recontact,,2020-04-13
0514,001614,user_recontact,,2020-12-20
0515,001615,rep_case_closed,pcruz,2020-01-12
0516,001616,rep_response,mramirez,2020-05-19
0517,001617,rep_derivation,slopez,2020-09-11
0518,001618,rep_response,slopez,2020-05-19
0519,001619,rep_response,jperez,2020-05-27
0520,001620,rep_response,slopez,2020-02-29
0521,001621,user_contact,,2020-09-06
0522,001622,user_recontact,,2020-11-16
0523,001623,rep_response,ggutierrez,2020-09-27
0524,001624,rep_derivation,pcruz,2020-07-27
0525,001625,user_contact,,2020-10-29
0526,001626,rep_case_closed,jperez,2020-10-25
0527,001627,rep_case_closed,mramirez,2020-01-18
0528,001628,survey_sent,jperez,2020-10-07
0529,001629,rep_derivation,mramirez,2020-02-17
0530,001630,rep_derivation,ggutierrez,2020-10-16
0531,001631,survey_sent,mramirez,2020-09-13
0532,001632,user_recontact,,2020-06-22
0533,001633,user_recontact,,2020-03-28
0534,001634,user_recontact,,2020-02-22
0535,001635,rep_response,dtorres,2020-07-14
0536,001636,rep_response,dtorres,2020-06-22
0537,001637,survey_sent,slopez,2020-07-31
0538,001638,rep_response,ggutierrez,2020-09-24
0539,001639,user_recontact,,2020-03-10
0540,001640,user_recontact,,2020-08-16
0541,001641,survey_sent,dtorres,2020-11-01
0542,001642,user_contact,,2020-01-15
0543,001643,user_contact,,2020-10-09
0544,001644,rep_case_closed,slopez,2020-12-25
0545,001645,rep_response,pcruz,2020-04-30
0546,001646,rep_case_closed,ggutierrez,2020-04-19
0547,001647,rep_case_closed,slopez,2020-04-09
0548,001648,rep_case_closed,dtorres,2020-10-08
0549,001649,user_contact,,2020-03-22
0550,001650,user_recontact,,2020-12-13
0551,001651,rep_case_closed,pcruz,2020-10-25
0552,001652,user_contact,,2020-04-25
0553,001653,rep_response,dtorres,2020-06-17
0554,001654,rep_response,jperez,2020-02-10
0555,001655,rep_response,ggutierrez,2020-02-15
0556,001656,user_recontact,,2020-12-20
0557,001657,user_contact,,2020-08-18
0558,001658,survey_sent,jperez,2020-03-19
0559,001659,rep_derivation,mramirez,2020-11-15
0560,001660,user_recontact,,2020-05-04
0561,001661,rep_response,jperez,2020-11-11
0562,001662,user_contact,,2020-01-17
0563,001663,user_recontact,,2020-01-20
0564,001664,rep_case_closed,slopez,2020-03-25
0565,001665,user_recontact,,2020-04-28
0566,001666,rep_derivation,dtorres,2020-02-26
0567,001667,rep_response,pcruz,2020-06-02
0568,001668,survey_sent,slopez,2020-08-16
0569,001669,rep_response,slopez,2020-04-29
0570,001670,user_contact,,2020-03-15
0571,001671,rep_case_closed,pcruz,2020-05-13
0572,001672,rep_case_closed,ggutierrez,2020-01-09
0573,001673,user_contact,,2020-04-13
0574,001674,survey_sent,pcruz,2020-10-30
0575,001675,user_recontact,,2020-07-20
0576,001676,rep_case_closed,mramirez,2020-12-01
0577,001677,survey_sent,mramirez,2020-03-01
0578,001678,rep_case_closed,jperez,2020-10-31
0579,001679,user_recontact,,2020-03-13
0580,001680,user_recontact,,2020-06-25
0581,001681,survey_sent,mramirez,2020-11-06
0582,001682,rep_case_closed,dtorres,2020-04-18
0583,001683,user_recontact,,2020-10-11
0584,001684,rep_case_closed,dtorres,2020-11-10
0585,001685,rep_response,ggutierrez,2020-01-12
0586,001686,rep_derivation,mramirez,2020-12-17
0587,001687,user_contact,,2020-09-15
0588,001688,rep_case_closed,jperez,2020-04-07
0589,001689,rep_derivation,mramirez,2020-02-12
0590,001690,rep_response,mramirez,2020-08-24
0591,001691,user_contact,,2020-09-25
0592,001692,rep_case_closed,jperez,2020-02-06
0593,001693,rep_derivation,pcruz,2020-01-11
0594,001694,rep_case_closed,dtorres,2020-11-04
0595,001695,user_recontact,,2020-04-22
0596,001696,rep_derivation,mramirez,2020-02-16
0597,001697,survey_sent,pcruz,2020-04-09
0598,001698,rep_case_closed,dtorres,2020-09-11
0599,001699,survey_sent,jperez,2020-01-07
0600,001700,user_recontact,,2020-07-10
0601,001701,survey_sent,pcruz,2020-01-29
0602,001702,survey_sent,mramirez,2020-05-14
0603,001703,rep_derivation,pcruz,2020-02-11
0604,001704,rep_response,ggutierrez,2020-09-22
0605,001705,user_recontact,,2020-03-31
0606,001706,rep_response,dtorres,2020-06-11
0607,001707,survey_sent,slopez,2020-03-26
0608,001708,rep_response,slopez,2020-06-28
0609,001709,survey_sent,slopez,2020-09-19
0610,001710,user_recontact,,2020-11-25
0611,001711,rep_response,jperez,2020-09-10
0612,001712,rep_derivation,mramirez,2020-04-19
0613,001713,rep_response,slopez,2020-02-08
0614,001714,rep_case_closed,slopez,2020-02-22
0615,001715,rep_response,mramirez,2020-09-02
0616,001716,survey_sent,jperez,2020-02-20
0617,001717,user_recontact,,2020-10-23
0618,001718,rep_derivation,slopez,2020-07-17
0619,001719,user_recontact,,2020-08-31
0620,001720,rep_response,pcruz,2020-03-03
0621,001721,survey_sent,jperez,2020-10-28
0622,001722,rep_response,ggutierrez,2020-09-11
0623,001723,rep_derivation,dtorres,2020-08-11
0624,001724,user_recontact,,2020-08-19
0625,001725,rep_derivation,slopez,2020-07-21
0626,001726,user_recontact,,2020-07-19
0627,001727,rep_response,dtorres,2020-04-19
0628,001728,user_contact,,2020-12-08
0629,001729,survey_sent,dtorres,2020-03-10
0630,001730,rep_derivation,slopez,2020-03-13
0631,001731,survey_sent,jperez,2020-01-25
0632,001732,rep_derivation,dtorres,2020-05-02
0633,001733,rep_response,mramirez,2020-04-06
0634,001734,user_recontact,,2020-07-15
0635,001735,user_contact,,2020-09-16
0636,001736,rep_response,slopez,2020-10-17
0637,001737,rep_response,mramirez,2020-07-28
0638,001738,user_contact,,2020-02-23
0639,001739,rep_response,slopez,2020-06-14
0640,001740,user_contact,,2020-07-26
0641,001741,rep_derivation,dtorres,2020-11-02
0642,001742,rep_response,slopez,2020-11-22
0643,001743,user_recontact,,2020-04-18
0644,001744,rep_response,jperez,2020-08-30
0645,001745,rep_derivation,dtorres,2020-07-10
0646,001746,rep_response,ggutierrez,2020-10-22
0647,001747,rep_response,jperez,2020-07-25
0648,001748,rep_case_closed,mramirez,2020-09-04
0649,001749,rep_response,slopez,2020-02-07
0650,001750,rep_case_closed,slopez,2020-06-29
0651,001751,rep_derivation,jperez,2020-01-31
0652,001752,rep_case_closed,slopez,2020-06-04
0653,001753,user_contact,,2020-02-06
0654,001754,rep_derivation,jperez,2020-12-05
0655,001755,user_recontact,,2020-10-09
0656,001756,user_contact,,2020-01-03
0657,001757,rep_response,dtorres,2020-09-16
0658,001758,user_recontact,,2020-09-22
0659,001759,user_contact,,2020-03-08
0660,001760,rep_response,mramirez,2020-07-20
0661,001761,rep_case_closed,jperez,2020-10-01
0662,001762,rep_derivation,jperez,2020-09-20
0663,001763,user_recontact,,2020-08-22
0664,001764,rep_case_closed,pcruz,2020-10-13
0665,001765,rep_response,mramirez,2020-12-07
0666,001766,user_recontact,,2020-02-02
0667,001767,rep_response,jperez,2020-03-01
0668,001768,user_recontact,,2020-08-27
0669,001769,user_contact,,2020-10-24
0670,001770,rep_response,dtorres,2020-08-03
0671,001771,rep_case_closed,mramirez,2020-10-27
0672,001772,rep_derivation,mramirez,2020-04-09
0673,001773,user_contact,,2020-06-24
0674,001774,rep_derivation,mramirez,2020-09-19
0675,001775,user_contact,,2020-02-13
0676,001776,rep_response,ggutierrez,2020-12-07
0677,001777,user_contact,,2020-08-31
0678,001778,user_recontact,,2020-05-29
0679,001779,survey_sent,slopez,2020-09-16
0680,001780,rep_case_closed,mramirez,2020-05-23
0681,001781,rep_case_closed,slopez,2020-03-12
0682,001782,user_recontact,,2020-10-09
0683,001783,user_recontact,,2020-11-08
0684,001784,survey_sent,jperez,2020-03-20
0685,001785,rep_case_closed,ggutierrez,2020-12-07
0686,001786,user_contact,,2020-10-27
0687,001787,user_recontact,,2020-03-24
0688,001788,rep_case_closed,slopez,2020-05-30
0689,001789,rep_derivation,dtorres,2020-10-25
0690,001790,rep_derivation,pcruz,2020-06-06
0691,001791,user_contact,,2020-10-10
0692,001792,rep_response,jperez,2020-06-16
0693,001793,rep_derivation,ggutierrez,2020-07-19
0694,001794,survey_sent,jperez,2020-08-07
0695,001795,user_contact,,2020-09-15
0696,001796,user_recontact,,2020-02-04
0697,001797,user_contact,,2020-03-04
0698,001798,user_recontact,,2020-12-06
0699,001799,rep_derivation,slopez,2020-02-25
0700,001800,user_contact,,2020-05-21
0701,001801,survey_sent,ggutierrez,2020-12-21
0702,001802,rep_response,dtorres,2020-03-05
0703,001803,rep_case_closed,dtorres,2020-05-05
0704,001804,user_contact,,2020-04-22
0705,001805,user_contact,,2020-01-17
0706,001806,rep_case_closed,mramirez,2020-12-27
0707,001807,user_contact,,2020-11-29
0708,001808,rep_case_closed,slopez,2020-01-14
0709,001809,user_contact,,2020-05-30
0710,001810,rep_derivation,slopez,2020-01-13
0711,001811,rep_case_closed,dtorres,2020-03-12
0712,001812,user_recontact,,2020-04-17
0713,001813,rep_derivation,dtorres,2020-07-19
0714,001814,rep_derivation,dtorres,2020-05-20
0715,001815,survey_sent,mramirez,2020-04-25
0716,001816,rep_derivation,slopez,2020-06-26
0717,001817,user_contact,,2020-01-07
0718,001818,rep_case_closed,mramirez,2020-10-01
0719,001819,rep_response,dtorres,2020-05-10
0720,001820,rep_response,slopez,2020-04-22
0721,001821,user_contact,,2020-01-15
0722,001822,user_contact,,2020-08-29
0723,001823,survey_sent,ggutierrez,2020-05-11
0724,001824,rep_response,pcruz,2020-02-16
0725,001825,survey_sent,mramirez,2020-11-05
0726,001826,rep_derivation,mramirez,2020-05-09
0727,001827,rep_response,jperez,2020-05-25
0728,001828,user_recontact,,2020-03-16
0729,001829,rep_derivation,slopez,2020-05-21
0730,001830,survey_sent,dtorres,2020-06-16
0731,001831,user_recontact,,2020-07-30
0732,001832,rep_response,mramirez,2020-09-14
0733,001833,rep_case_closed,pcruz,2020-08-30
0734,001834,user_contact,,2020-07-21
0735,001835,rep_response,ggutierrez,2020-04-21
0736,001836,user_contact,,2020-08-03
0737,001837,rep_response,jperez,2020-07-17
0738,001838,survey_sent,ggutierrez,2020-09-07
0739,001839,user_recontact,,2020-03-19
0740,001840,rep_response,ggutierrez,2020-01-26
0741,001841,rep_response,mramirez,2020-09-24
0742,001842,rep_response,ggutierrez,2020-01-04
0743,001843,rep_response,dtorres,2020-11-12
0744,001844,user_contact,,2020-05-07
0745,001845,survey_sent,mramirez,2020-07-26
0746,001846,rep_derivation,dtorres,2020-06-06
0747,001847,survey_sent,ggutierrez,2020-09-27
0748,001848,user_recontact,,2020-05-24
0749,001849,rep_response,ggutierrez,2020-11-19
0750,001850,rep_case_closed,jperez,2020-02-02
0751,001851,survey_sent,dtorres,2020-01-07
0752,001852,user_recontact,,2020-09-01
0753,001853,rep_derivation,mramirez,2020-05-26
0754,001854,user_contact,,2020-06-26
0755,001855,rep_derivation,slopez,2020-12-19
0756,001856,survey_sent,dtorres,2020-02-16
0757,001857,rep_derivation,ggutierrez,2020-08-11
0758,001858,survey_sent,ggutierrez,2020-04-04
0759,001859,rep_derivation,dtorres,2020-09-04
0760,001860,survey_sent,pcruz,2020-01-17
0761,001861,rep_derivation,slopez,2020-09-19
0762,001862,survey_sent,pcruz,2020-12-04
0763,001863,rep_response,mramirez,2020-06-18
0764,001864,rep_case_closed,mramirez,2020-11-26
0765,001865,user_contact,,2020-05-16
0766,001866,user_contact,,2020-03-02
0767,001867,user_recontact,,2020-11-18
0768,001868,rep_derivation,dtorres,2020-08-22
0769,001869,user_contact,,2020-07-17
0770,001870,rep_case_closed,ggutierrez,2020-01-23
0771,001871,user_contact,,2020-07-05
0772,001872,user_recontact,,2020-04-02
0773,001873,rep_derivation,dtorres,2020-11-01
0774,001874,rep_response,dtorres,2020-12-30
0775,001875,survey_sent,jperez,2020-10-25
0776,001876,rep_case_closed,slopez,2020-06-23
0777,001877,rep_case_closed,dtorres,2020-06-24
0778,001878,rep_case_closed,dtorres,2020-08-27
0779,001879,rep_derivation,dtorres,2020-08-13
0780,001880,user_recontact,,2020-06-23
0781,001881,survey_sent,pcruz,2020-08-20
0782,001882,rep_response,mramirez,2020-06-28
0783,001883,rep_derivation,pcruz,2020-09-02
0784,001884,user_recontact,,2020-05-31
0785,001885,rep_case_closed,ggutierrez,2020-07-25
0786,001886,user_recontact,,2020-11-12
0787,001887,user_contact,,2020-12-23
0788,001888,rep_response,jperez,2020-08-29
0789,001889,user_contact,,2020-09-15
0790,001890,survey_sent,mramirez,2020-06-07
0791,001891,user_recontact,,2020-11-28
0792,001892,user_recontact,,2020-03-17
0793,001893,user_contact,,2020-08-17
0794,001894,user_recontact,,2020-02-15
0795,001895,user_recontact,,2020-08-09
0796,001896,user_contact,,2020-09-22
0797,001897,rep_derivation,jperez,2020-10-09
0798,001898,survey_sent,pcruz,2020-12-06
0799,001899,rep_response,jperez,2020-08-29
0800,001900,user_recontact,,2020-06-13
0801,001901,rep_response,dtorres,2020-03-11
0802,001902,user_recontact,,2020-06-16
0803,001903,user_recontact,,2020-07-11
0804,001904,rep_case_closed,jperez,2020-02-04
0805,001905,user_recontact,,2020-05-22
0806,001906,user_contact,,2020-09-21
0807,001907,survey_sent,pcruz,2020-09-11
0808,001908,user_recontact,,2020-10-30
0809,001909,rep_case_closed,jperez,2020-07-05
0810,001910,user_recontact,,2020-11-12
0811,001911,rep_derivation,slopez,2020-03-21
0812,001912,rep_response,jperez,2020-08-20
0813,001913,survey_sent,pcruz,2020-09-27
0814,001914,survey_sent,slopez,2020-12-11
0815,001915,user_contact,,2020-06-08
0816,001916,survey_sent,ggutierrez,2020-01-02
0817,001917,rep_case_closed,slopez,2020-10-14
0818,001918,user_recontact,,2020-04-20
0819,001919,user_recontact,,2020-09-17
0820,001920,user_recontact,,2020-07-21
0821,001921,user_contact,,2020-08-16
0822,001922,rep_case_closed,mramirez,2020-11-02
0823,001923,rep_derivation,mramirez,2020-07-09
0824,001924,user_contact,,2020-09-30
0825,001925,survey_sent,mramirez,2020-10-25
0826,001926,survey_sent,ggutierrez,2020-03-16
0827,001927,survey_sent,slopez,2020-07-19
0828,001928,rep_case_closed,ggutierrez,2020-08-11
0829,001929,rep_response,dtorres,2020-06-29
0830,001930,user_contact,,2020-09-28
0831,001931,user_contact,,2020-02-13
0832,001932,user_contact,,2020-12-06
0833,001933,rep_response,slopez,2020-01-04
0834,001934,rep_derivation,dtorres,2020-05-01
0835,001935,rep_response,jperez,2020-01-21
0836,001936,user_contact,,2020-09-07
0837,001937,survey_sent,slopez,2020-11-14
0838,001938,rep_derivation,pcruz,2020-04-10
0839,001939,user_contact,,2020-01-28
0840,001940,rep_response,jperez,2020-02-10
0841,001941,survey_sent,dtorres,2020-11-15
0842,001942,user_recontact,,2020-02-20
0843,001943,user_recontact,,2020-02-21
0844,001944,rep_response,ggutierrez,2020-05-06
0845,001945,survey_sent,ggutierrez,2020-08-20
0846,001946,user_contact,,2020-09-17
0847,001947,rep_derivation,pcruz,2020-11-15
0848,001948,rep_case_closed,jperez,2020-10-06
0849,001949,survey_sent,slopez,2020-09-22
0850,001950,rep_derivation,dtorres,2020-08-05
0851,001951,rep_derivation,slopez,2020-11-08
0852,001952,rep_derivation,jperez,2020-03-10
0853,001953,rep_derivation,jperez,2020-01-18
0854,001954,user_contact,,2020-12-25
0855,001955,rep_case_closed,slopez,2020-04-28
0856,001956,user_recontact,,2020-07-03
0857,001957,user_contact,,2020-09-21
0858,001958,rep_case_closed,ggutierrez,2020-09-06
0859,001959,survey_sent,ggutierrez,2020-11-14
0860,001960,rep_case_closed,pcruz,2020-01-13
0861,001961,rep_case_closed,mramirez,2020-11-21
0862,001962,user_contact,,2020-11-30
0863,001963,rep_derivation,dtorres,2020-08-19
0864,001964,user_recontact,,2020-02-25
0865,001965,user_contact,,2020-11-30
0866,001966,rep_derivation,mramirez,2020-04-20
0867,001967,survey_sent,mramirez,2020-03-09
0868,001968,user_recontact,,2020-09-28
0869,001969,survey_sent,slopez,2020-09-16
0870,001970,survey_sent,mramirez,2020-07-03
0871,001971,rep_response,mramirez,2020-02-24
0872,001972,user_recontact,,2020-06-25
0873,001973,rep_response,pcruz,2020-11-16
0874,001974,rep_case_closed,ggutierrez,2020-10-14
0875,001975,user_contact,,2020-10-14
0876,001976,rep_case_closed,slopez,2020-09-15
0877,001977,user_contact,,2020-10-14
0878,001978,survey_sent,jperez,2020-04-11
0879,001979,rep_case_closed,jperez,2020-05-12
0880,001980,user_recontact,,2020-05-05
0881,001981,user_contact,,2020-04-04
0882,001982,rep_response,dtorres,2020-05-05
0883,001983,rep_derivation,ggutierrez,2020-08-04
0884,001984,survey_sent,mramirez,2020-05-08
0885,001985,survey_sent,mramirez,2020-12-22
0886,001986,rep_case_closed,mramirez,2020-08-18
0887,001987,rep_derivation,mramirez,2020-05-21
0888,001988,user_recontact,,2020-06-24
0889,001989,survey_sent,slopez,2020-05-23
0890,001990,rep_case_closed,ggutierrez,2020-09-23
0891,001991,user_recontact,,2020-07-11
0892,001992,rep_response,ggutierrez,2020-09-16
0893,001993,rep_derivation,ggutierrez,2020-02-27
0894,001994,survey_sent,slopez,2020-09-19
0895,001995,survey_sent,dtorres,2020-08-18
0896,001996,rep_derivation,dtorres,2020-04-06
0897,001997,user_contact,,2020-06-14
0898,001998,rep_derivation,ggutierrez,2020-05-03
0899,001999,rep_derivation,pcruz,2020-08-18
0900,002000,user_contact,,2020-04-20
0901,002001,rep_derivation,pcruz,2020-05-16
0902,002002,user_contact,,2020-06-01
0903,002003,rep_derivation,pcruz,2020-07-20
0904,002004,survey_sent,slopez,2020-11-27
0905,002005,rep_derivation,jperez,2020-03-06
0906,002006,rep_derivation,pcruz,2020-02-13
0907,002007,survey_sent,pcruz,2020-05-31
0908,002008,rep_response,slopez,2020-10-04
0909,002009,survey_sent,pcruz,2020-08-07
0910,002010,user_contact,,2020-01-16
0911,002011,rep_derivation,mramirez,2020-04-09
0912,002012,rep_case_closed,mramirez,2020-10-30
0913,002013,survey_sent,mramirez,2020-01-13
0914,002014,survey_sent,ggutierrez,2020-09-16
0915,002015,survey_sent,ggutierrez,2020-03-01
0916,002016,user_recontact,,2020-07-29
0917,002017,rep_response,slopez,2020-08-28
0918,002018,rep_case_closed,dtorres,2020-08-31
0919,002019,user_recontact,,2020-07-23
0920,002020,rep_derivation,mramirez,2020-11-23
0921,002021,user_contact,,2020-03-16
0922,002022,rep_derivation,dtorres,2020-01-02
0923,002023,user_recontact,,2020-01-15
0924,002024,user_contact,,2020-07-03
0925,002025,rep_derivation,mramirez,2020-10-16
0926,002026,survey_sent,pcruz,2020-09-12
0927,002027,user_recontact,,2020-08-02
0928,002028,user_contact,,2020-12-03
0929,002029,user_recontact,,2020-04-03
0930,002030,rep_response,slopez,2020-10-30
0931,002031,rep_response,jperez,2020-12-16
0932,002032,user_contact,,2020-01-19
0933,002033,rep_response,mramirez,2020-09-28
0934,002034,rep_case_closed,ggutierrez,2020-05-06
0935,002035,survey_sent,ggutierrez,2020-08-29
0936,002036,user_recontact,,2020-08-25
0937,002037,user_recontact,,2020-12-09
0938,002038,rep_response,slopez,2020-09-19
0939,002039,survey_sent,jperez,2020-04-03
0940,002040,rep_response,ggutierrez,2020-12-01
0941,002041,rep_response,dtorres,2020-03-29
0942,002042,user_recontact,,2020-07-01
0943,002043,rep_case_closed,pcruz,2020-06-01
0944,002044,survey_sent,mramirez,2020-01-23
0945,002045,user_contact,,2020-03-01
0946,002046,rep_response,jperez,2020-09-11
0947,002047,rep_derivation,jperez,2020-06-10
0948,002048,rep_response,ggutierrez,2020-04-28
0949,002049,survey_sent,ggutierrez,2020-06-27
0950,002050,rep_case_closed,jperez,2020-12-01
0951,002051,rep_derivation,slopez,2020-09-17
0952,002052,user_contact,,2020-02-26
0953,002053,rep_response,pcruz,2020-09-13
0954,002054,user_recontact,,2020-08-26
0955,002055,rep_case_closed,mramirez,2020-05-26
0956,002056,survey_sent,slopez,2020-01-22
0957,002057,user_contact,,2020-03-19
0958,002058,survey_sent,ggutierrez,2020-10-21
0959,002059,user_contact,,2020-06-02
0960,002060,survey_sent,dtorres,2020-02-19
0961,002061,user_recontact,,2020-02-05
0962,002062,user_recontact,,2020-12-22
0963,002063,user_contact,,2020-02-28
0964,002064,user_contact,,2020-07-28
0965,002065,rep_case_closed,jperez,2020-12-22
0966,002066,rep_response,dtorres,2020-10-12
0967,002067,survey_sent,jperez,2020-10-20
0968,002068,rep_case_closed,slopez,2020-03-08
0969,002069,rep_derivation,pcruz,2020-04-06
0970,002070,user_contact,,2020-08-22
0971,002071,user_contact,,2020-06-10
0972,002072,user_contact,,2020-01-17
0973,002073,user_contact,,2020-05-08
0974,002074,user_recontact,,2020-03-20
0975,002075,rep_derivation,ggutierrez,2020-05-27
0976,002076,user_recontact,,2020-11-04
0977,002077,rep_derivation,dtorres,2020-01-29
0978,002078,user_recontact,,2020-11-09
0979,002079,user_contact,,2020-05-17
0980,002080,rep_case_closed,ggutierrez,2020-03-08
0981,002081,rep_derivation,slopez,2020-05-16
0982,002082,rep_derivation,jperez,2020-12-04
0983,002083,rep_derivation,mramirez,2020-01-02
0984,002084,survey_sent,dtorres,2020-01-18
0985,002085,user_contact,,2020-10-28
0986,002086,rep_derivation,mramirez,2020-03-04
0987,002087,rep_response,dtorres,2020-09-25
0988,002088,rep_case_closed,dtorres,2020-10-09
0989,002089,survey_sent,pcruz,2020-03-24
0990,002090,rep_response,mramirez,2020-12-03
0991,002091,survey_sent,pcruz,2020-05-23
0992,002092,survey_sent,dtorres,2020-09-28
0993,002093,rep_case_closed,slopez,2020-06-20
0994,002094,rep_derivation,pcruz,2020-09-17
0995,002095,user_contact,,2020-07-20
0996,002096,rep_derivation,mramirez,2020-01-07
0997,002097,user_recontact,,2020-01-01
0998,002098,rep_response,dtorres,2020-09-07
0999,002099,rep_response,dtorres,2020-12-06
1000,002100,user_recontact,,2020-04-06
1001,002101,survey_sent,dtorres,2020-08-27
1002,002102,rep_response,mramirez,2020-06-13
1003,002103,rep_case_closed,jperez,2020-10-29
1004,002104,rep_case_closed,pcruz,2020-10-13
1005,002105,rep_response,slopez,2020-12-12
1006,002106,survey_sent,dtorres,2020-12-09
1007,002107,survey_sent,jperez,2020-03-10
1008,002108,rep_derivation,pcruz,2020-07-12
1009,002109,user_recontact,,2020-08-26
1010,002110,rep_derivation,dtorres,2020-10-03
1011,002111,user_contact,,2020-04-15
1012,002112,rep_derivation,dtorres,2020-08-01
1013,002113,user_contact,,2020-08-05
1014,002114,survey_sent,mramirez,2020-09-29
1015,002115,rep_response,slopez,2020-12-24
1016,002116,rep_case_closed,slopez,2020-03-19
1017,002117,rep_derivation,dtorres,2020-10-30
1018,002118,survey_sent,ggutierrez,2020-02-03
1019,002119,survey_sent,pcruz,2020-06-02
1020,002120,rep_derivation,slopez,2020-04-25
1021,002121,rep_derivation,ggutierrez,2020-08-29
1022,002122,rep_derivation,mramirez,2020-06-22
1023,002123,user_contact,,2020-09-10
1024,002124,rep_case_closed,jperez,2020-08-17
1025,002125,rep_case_closed,ggutierrez,2020-12-22
1026,002126,rep_response,ggutierrez,2020-03-10
1027,002127,rep_derivation,pcruz,2020-06-25
1028,002128,user_contact,,2020-01-17
1029,002129,rep_response,ggutierrez,2020-05-11
1030,002130,rep_case_closed,pcruz,2020-02-13
1031,002131,user_recontact,,2020-06-12
